1.jpg,1024,1024,crack,1,466,626,557
2.jpg,1024,1024,crack,1,459,594,547
3.jpg,1024,1024,crack,1,452,583,556
4.jpg,1024,1024,crack,1,406,583,544
5.jpg,1024,1024,crack,1,462,607,543
6.jpg,1024,1024,crack,1,464,603,551
7.jpg,1024,1024,crack,1,483,626,558
8.jpg,1024,1024,crack,1,481,611,561
9.jpg,1024,1024,crack,1,485,613,564
10.jpg,1024,1024,crack,1,498,617,599
11.jpg,1024,1024,crack,1,464,603,587
12.jpg,1024,1024,crack,1,488,585,610
13.jpg,1024,1024,crack,1,482,575,621
14.jpg,1024,1024,crack,1,488,571,736
15.jpg,1024,1024,crack,1,425,585,537
16.jpg,1024,1024,crack,1,451,585,546
17.jpg,1024,1024,crack,1,477,568,560
18.jpg,1024,1024,crack,1,428,612,505
19.jpg,1024,1024,crack,1,492,623,574
20.jpg,1024,1024,crack,1,492,620,571
21.jpg,1024,1024,crack,1,461,615,550
22.jpg,1024,1024,crack,1,490,574,602
23.jpg,1024,1024,crack,1,487,572,618
24.jpg,1024,1024,crack,1,486,568,670
25.jpg,1024,1024,crack,1,485,585,656
26.jpg,1024,1024,crack,1,472,583,599
27.jpg,1024,1024,crack,1,508,592,608
28.jpg,1024,1024,crack,1,511,622,584
29.jpg,1024,1024,crack,1,493,606,580
30.jpg,1024,1024,crack,1,387,586,514
31.jpg,1024,1024,crack,1,296,576,531
32.jpg,1024,1024,crack,1,194,561,533
33.jpg,1024,1024,crack,1,512,731,657
34.jpg,1024,1024,crack,1,355,652,547
35.jpg,1024,1024,crack,1,464,593,801
36.jpg,1024,1024,crack,1,468,1024,543
37.jpg,1024,1024,crack,1,425,1024,559
38.jpg,1024,1024,crack,1,451,922,560
39.jpg,1024,1024,crack,1,487,716,599
40.jpg,1024,1024,crack,1,506,1024,627
41.jpg,1024,1024,crack,1,428,1024,567
42.jpg,1024,1024,crack,1,417,834,531
43.jpg,1024,1024,crack,1,471,187,567
44.jpg,1024,1024,crack,1,455,638,565
45.jpg,1024,1024,crack,1,445,1024,599
46.jpg,1024,1024,crack,1,473,1024,622
47.jpg,1024,1024,crack,1,543,1024,663
48.jpg,1024,1024,crack,1,435,1024,633
49.jpg,1024,1024,crack,1,522,642,637
transformed1.jpg,1024,1024,crack,398,466,1023,557
transformed2.jpg,1024,1024,crack,430,477,1023,565
transformed3.jpg,1024,1024,crack,441,468,1023,572
transformed4.jpg,1024,1024,crack,1,480,583,618
transformed5.jpg,1024,1024,crack,417,462,1023,543
transformed6.jpg,1024,1024,crack,421,464,1023,551
transformed7.jpg,1024,1024,crack,398,466,1023,541
transformed8.jpg,1024,1024,crack,1,463,611,543
transformed9.jpg,1024,1024,crack,411,485,1023,564
transformed10.jpg,1024,1024,crack,407,498,1023,599
transformed11.jpg,1024,1024,crack,421,464,1023,587
transformed12.jpg,1024,1024,crack,439,488,1023,610
transformed13.jpg,1024,1024,crack,1,403,575,542
transformed14.jpg,1024,1024,crack,1,288,571,536
transformed15.jpg,1024,1024,crack,439,487,1023,599
transformed16.jpg,1024,1024,crack,439,478,1023,573
transformed17.jpg,1024,1024,crack,456,477,1023,560
transformed18.jpg,1024,1024,crack,412,428,1023,505
transformed19.jpg,1024,1024,crack,401,450,1023,532
transformed20.jpg,1024,1024,crack,404,492,1023,571
transformed21.jpg,1024,1024,crack,1,474,615,563
transformed22.jpg,1024,1024,crack,450,490,1023,602
transformed23.jpg,1024,1024,crack,1,406,572,537
transformed24.jpg,1024,1024,crack,456,486,1023,670
transformed25.jpg,1024,1024,crack,439,368,1023,539
transformed26.jpg,1024,1024,crack,441,472,1023,599
transformed27.jpg,1024,1024,crack,1,416,592,516
transformed28.jpg,1024,1024,crack,1,440,622,513
transformed29.jpg,1024,1024,crack,1,444,606,531
transformed30.jpg,1024,1024,crack,438,387,1023,514
transformed31.jpg,1024,1024,crack,448,493,1023,728
transformed32.jpg,1024,1024,crack,463,491,1023,830
transformed33.jpg,1024,1024,crack,1,367,731,512
transformed34.jpg,1024,1024,crack,372,477,1023,669
transformed35.jpg,1024,1024,crack,431,464,1023,801
transformed36.jpg,1024,1024,crack,1,481,1024,556
transformed37.jpg,1024,1024,crack,1,465,1024,599
transformed38.jpg,1024,1024,crack,102,464,1023,573
transformed39.jpg,1024,1024,crack,308,487,1023,599
transformed40.jpg,1024,1024,crack,0,506,1023,627
transformed41.jpg,1024,1024,crack,1,457,1024,596
transformed42.jpg,1024,1024,crack,190,493,1023,607
transformed43.jpg,1024,1024,crack,837,471,1023,567
transformed44.jpg,1024,1024,crack,386,455,1023,565
transformed45.jpg,1024,1024,crack,0,425,1023,579
transformed46.jpg,1024,1024,crack,0,473,1023,622
transformed47.jpg,1024,1024,crack,1,361,1024,481
transformed48.jpg,1024,1024,crack,0,391,1023,589
transformed49.jpg,1024,1024,crack,1,387,642,502