1.jpg,1024,1024,erosion,1,313,1024,731
2.jpg,1024,1024,erosion,1,390,1024,703
3.jpg,1024,1024,erosion,1,373,1024,635
4.jpg,1024,1024,erosion,1,408,1024,593
5.jpg,1024,1024,erosion,1,427,1024,593
6.jpg,1024,1024,erosion,1,445,1023,647
7.jpg,1024,1024,erosion,1,412,1023,651
8.jpg,1024,1024,erosion,1,402,1023,679
9.jpg,1024,1024,erosion,116,373,1023,750
10.jpg,1024,1024,erosion,375,426,1023,930
11.jpg,1024,1024,erosion,358,304,1023,1024
12.jpg,1024,1024,erosion,311,286,1023,1024
13.jpg,1024,1024,erosion,1,294,1023,781
14.jpg,1024,1024,erosion,1,450,1023,675
15.jpg,1024,1024,erosion,1,374,1024,776
16.jpg,1024,1024,erosion,1,120,1024,958
17.jpg,1024,1024,erosion,1,416,1023,703
18.jpg,1024,1024,erosion,1,433,1024,624
19.jpg,1024,1024,erosion,1,458,1024,671
20.jpg,1024,1024,erosion,1,435,1024,648
21.jpg,1024,1024,erosion,1,421,1024,648
22.jpg,1024,1024,erosion,1,408,1024,654
23.jpg,1024,1024,erosion,174,364,1024,650
24.jpg,1024,1024,erosion,357,273,1024,640
25.jpg,1024,1024,erosion,348,1,951,830
26.jpg,1024,1024,erosion,106,91,1024,784
27.jpg,1024,1024,erosion,1,267,1024,751
28.jpg,1024,1024,erosion,1,314,1024,739
29.jpg,1024,1024,erosion,1,370,1024,677
30.jpg,1024,1024,erosion,1,430,1024,655
31.jpg,1024,1024,erosion,1,460,1023,705
32.jpg,1024,1024,erosion,1,380,1023,730
33.jpg,1024,1024,erosion,1,291,1023,883
34.jpg,1024,1024,erosion,1,419,1024,674
35.jpg,1024,1024,erosion,1,355,1023,793
36.jpg,1024,1024,erosion,66,422,1023,673
37.jpg,1024,1024,erosion,1,370,1024,538
38.jpg,1024,1024,erosion,1,388,1024,765
transformed1.jpg,1024,1024,erosion,0,293,1023,711
transformed2.jpg,1024,1024,erosion,0,321,1023,634
transformed3.jpg,1024,1024,erosion,0,373,1023,635
transformed4.jpg,1024,1024,erosion,0,408,1023,593
transformed5.jpg,1024,1024,erosion,0,427,1023,593
transformed6.jpg,1024,1024,erosion,1,445,1023,647
transformed7.jpg,1024,1024,erosion,1,373,1023,612
transformed8.jpg,1024,1024,erosion,1,345,1023,622
transformed9.jpg,1024,1024,erosion,116,274,1023,651
transformed10.jpg,1024,1024,erosion,1,426,649,930
transformed11.jpg,1024,1024,erosion,358,0,1023,720
transformed12.jpg,1024,1024,erosion,311,0,1023,738
transformed13.jpg,1024,1024,erosion,1,243,1023,730
transformed14.jpg,1024,1024,erosion,1,450,1023,675
transformed15.jpg,1024,1024,erosion,0,248,1023,650
transformed16.jpg,1024,1024,erosion,0,120,1023,958
transformed17.jpg,1024,1024,erosion,1,321,1023,608
transformed18.jpg,1024,1024,erosion,0,400,1023,591
transformed19.jpg,1024,1024,erosion,1,353,1024,566
transformed20.jpg,1024,1024,erosion,0,376,1023,589
transformed21.jpg,1024,1024,erosion,1,376,1024,603
transformed22.jpg,1024,1024,erosion,0,370,1023,616
transformed23.jpg,1024,1024,erosion,174,374,1024,660
transformed24.jpg,1024,1024,erosion,0,273,667,640
transformed25.jpg,1024,1024,erosion,73,194,676,1023
transformed26.jpg,1024,1024,erosion,0,240,918,933
transformed27.jpg,1024,1024,erosion,1,273,1024,757
transformed28.jpg,1024,1024,erosion,1,285,1024,710
transformed29.jpg,1024,1024,erosion,0,347,1023,654
transformed30.jpg,1024,1024,erosion,1,369,1024,594
transformed31.jpg,1024,1024,erosion,1,460,1023,705
transformed32.jpg,1024,1024,erosion,1,294,1023,644
transformed33.jpg,1024,1024,erosion,1,141,1023,733
transformed34.jpg,1024,1024,erosion,1,350,1024,605
transformed35.jpg,1024,1024,erosion,1,231,1023,669
transformed36.jpg,1024,1024,erosion,1,422,958,673
transformed37.jpg,1024,1024,erosion,1,486,1024,654
transformed38.jpg,1024,1024,erosion,0,259,1023,636