1.jpg,1024,1024,paintoff,361,1,414,1024
2.jpg,1024,1024,paintoff,419,1,474,1024
3.jpg,1024,1024,paintoff,442,1,506,1024
4.jpg,1024,1024,paintoff,467,1,537,1024
5.jpg,1024,1024,paintoff,467,1,535,1024
6.jpg,1024,1024,paintoff,436,1,500,1024
7.jpg,1024,1024,paintoff,476,1,540,1024
8.jpg,1024,1024,paintoff,456,1,533,1024
9.jpg,1024,1024,paintoff,479,1,550,1024
10.jpg,1024,1024,paintoff,461,1,546,1024
11.jpg,1024,1024,paintoff,500,147,526,1024
12.jpg,1024,1024,paintoff,491,147,525,1024
13.jpg,1024,1024,paintoff,476,148,512,1024
14.jpg,1024,1024,paintoff,586,1,603,1024
15.jpg,1024,1024,paintoff,553,1,573,1024
16.jpg,1024,1024,paintoff,550,1,570,1024
17.jpg,1024,1024,paintoff,541,1,558,1023
18.jpg,1024,1024,paintoff,542,1,571,1023
19.jpg,1024,1024,paintoff,577,1,600,1023
20.jpg,1024,1024,paintoff,546,1,557,1024
21.jpg,1024,1024,paintoff,476,1,546,1024
22.jpg,1024,1024,paintoff,543,1,565,1024
23.jpg,1024,1024,paintoff,545,1,569,1024
24.jpg,1024,1024,paintoff,523,1,545,1024
25.jpg,1024,1024,paintoff,507,1,538,1024
26.jpg,1024,1024,paintoff,492,1,517,1024
27.jpg,1024,1024,paintoff,500,1,526,1024
28.jpg,1024,1024,paintoff,508,1,533,1024
29.jpg,1024,1024,paintoff,486,1,512,1024
30.jpg,1024,1024,paintoff,482,1,510,1024
31.jpg,1024,1024,paintoff,487,1,522,1024
32.jpg,1024,1024,paintoff,501,1,579,1024
33.jpg,1024,1024,paintoff,493,1,534,1024
34.jpg,1024,1024,paintoff,505,1,534,1024
35.jpg,1024,1024,paintoff,531,1,561,1024
36.jpg,1024,1024,paintoff,500,1,533,1024
37.jpg,1024,1024,paintoff,473,1,505,1024
38.jpg,1024,1024,paintoff,474,152,506,1024
39.jpg,1024,1024,paintoff,471,133,506,1024
40.jpg,1024,1024,paintoff,469,176,509,1024
41.jpg,1024,1024,paintoff,462,146,495,1024
42.jpg,1024,1024,paintoff,440,96,477,1024
43.jpg,1024,1024,paintoff,485,1,549,1024
44.jpg,1024,1024,paintoff,469,153,499,1024
45.jpg,1024,1024,paintoff,441,156,468,1024
46.jpg,1024,1024,paintoff,455,172,486,1024
47.jpg,1024,1024,paintoff,429,448,454,1024
48.jpg,1024,1024,paintoff,461,443,483,1024
49.jpg,1024,1024,paintoff,453,454,473,1024
50.jpg,1024,1024,paintoff,452,486,476,1024
51.jpg,1024,1024,paintoff,467,420,492,1024
52.jpg,1024,1024,paintoff,496,401,526,1024
53.jpg,1024,1024,paintoff,481,423,509,1024
54.jpg,1024,1024,paintoff,495,1,566,1024
55.jpg,1024,1024,paintoff,482,331,512,1024
56.jpg,1024,1024,paintoff,493,278,511,1024
57.jpg,1024,1024,paintoff,492,234,522,1024
58.jpg,1024,1024,paintoff,496,222,515,1024
59.jpg,1024,1024,paintoff,491,218,516,1024
60.jpg,1024,1024,paintoff,491,279,510,1024
61.jpg,1024,1024,paintoff,481,144,505,1024
62.jpg,1024,1024,paintoff,498,147,518,1024
63.jpg,1024,1024,paintoff,500,151,522,1024
64.jpg,1024,1024,paintoff,482,48,507,972
65.jpg,1024,1024,paintoff,479,1,543,1024
66.jpg,1024,1024,paintoff,519,154,537,1024
67.jpg,1024,1024,paintoff,523,225,539,1024
68.jpg,1024,1024,paintoff,530,226,548,1024
69.jpg,1024,1024,paintoff,566,233,590,1024
70.jpg,1024,1024,paintoff,554,151,572,1024
71.jpg,1024,1024,paintoff,568,227,580,1024
72.jpg,1024,1024,paintoff,530,187,546,1024
73.jpg,1024,1024,paintoff,547,241,562,1005
74.jpg,1024,1024,paintoff,557,228,585,986
75.jpg,1024,1024,paintoff,595,287,612,1024
76.jpg,1024,1024,paintoff,489,1,545,1024
77.jpg,1024,1024,paintoff,488,95,527,1024
78.jpg,1024,1024,paintoff,494,120,536,1024
79.jpg,1024,1024,paintoff,480,56,511,1024
80.jpg,1024,1024,paintoff,473,74,503,1024
81.jpg,1024,1024,paintoff,516,1,545,1024
82.jpg,1024,1024,paintoff,503,1,548,1024
83.jpg,1024,1024,paintoff,406,467,423,1024
84.jpg,1024,1024,paintoff,468,475,489,1024
85.jpg,1024,1024,paintoff,385,475,403,1024
86.jpg,1024,1024,paintoff,413,485,433,1024
87.jpg,1024,1024,paintoff,488,1,548,1024
88.jpg,1024,1024,paintoff,397,450,414,1024
89.jpg,1024,1024,paintoff,395,453,423,1024
90.jpg,1024,1024,paintoff,425,476,452,1024
91.jpg,1024,1024,paintoff,420,437,450,1024
92.jpg,1024,1024,paintoff,481,460,508,1024
93.jpg,1024,1024,paintoff,470,453,497,1024
94.jpg,1024,1024,paintoff,440,316,466,1024
95.jpg,1024,1024,paintoff,502,358,526,1024
96.jpg,1024,1024,paintoff,511,291,536,1024
97.jpg,1024,1024,paintoff,522,270,543,1024
98.jpg,1024,1024,paintoff,465,1,526,1024
99.jpg,1024,1024,paintoff,506,185,525,1024
100.jpg,1024,1024,paintoff,467,166,490,1024
101.jpg,1024,1024,paintoff,499,266,517,1024
102.jpg,1024,1024,paintoff,555,279,569,1024
103.jpg,1024,1024,paintoff,512,270,525,1024
104.jpg,1024,1024,paintoff,508,270,523,1024
105.jpg,1024,1024,paintoff,535,293,550,1024
106.jpg,1024,1024,paintoff,556,312,565,1024
107.jpg,1024,1024,paintoff,539,272,554,1024
108.jpg,1024,1024,paintoff,529,238,553,1024
109.jpg,1024,1024,paintoff,505,1,558,1024
110.jpg,1024,1024,paintoff,549,281,563,1024
111.jpg,1024,1024,paintoff,548,292,560,1024
112.jpg,1024,1024,paintoff,558,299,569,1024
113.jpg,1024,1024,paintoff,590,906,602,1024
114.jpg,1024,1024,paintoff,486,1,522,1023
115.jpg,1024,1024,paintoff,487,1,527,1024
116.jpg,1024,1024,paintoff,558,914,569,1024
117.jpg,1024,1024,paintoff,545,898,556,1024
118.jpg,1024,1024,paintoff,558,945,567,1024
119.jpg,1024,1024,paintoff,486,1,546,1024
120.jpg,1024,1024,paintoff,465,1,535,1024
121.jpg,1024,1024,paintoff,495,1,545,1024
122.jpg,1024,1024,paintoff,517,1,570,1024
123.jpg,1024,1024,paintoff,534,1,576,1024
124.jpg,1024,1024,paintoff,543,1,586,1024
125.jpg,1024,1024,paintoff,506,1,553,1024
126.jpg,1024,1024,paintoff,553,1,603,1024
127.jpg,1024,1024,paintoff,559,1,599,1024
128.jpg,1024,1024,paintoff,534,299,574,1024
129.jpg,1024,1024,paintoff,515,345,555,1024
130.jpg,1024,1024,paintoff,511,625,548,1024
131.jpg,1024,1024,paintoff,522,668,557,1024
132.jpg,1024,1024,paintoff,495,514,545,1024
133.jpg,1024,1024,paintoff,438,294,475,1024
134.jpg,1024,1024,paintoff,487,90,535,1024
135.jpg,1024,1024,paintoff,463,73,510,1024
136.jpg,1024,1024,paintoff,407,147,459,1024
137.jpg,1024,1024,paintoff,442,141,495,1024
138.jpg,1024,1024,paintoff,442,87,499,1024
139.jpg,1024,1024,paintoff,445,1,509,1024
140.jpg,1024,1024,paintoff,459,1,516,1024
141.jpg,1024,1024,paintoff,457,1,514,1024
142.jpg,1024,1024,paintoff,459,1,518,1024
143.jpg,1024,1024,paintoff,466,1,523,1024
144.jpg,1024,1024,paintoff,456,1,522,1024
145.jpg,1024,1024,paintoff,450,1,519,1024
146.jpg,1024,1024,paintoff,498,1,554,1024
147.jpg,1024,1024,paintoff,496,1,560,1024
148.jpg,1024,1024,paintoff,482,1,536,1024
149.jpg,1024,1024,paintoff,474,1,530,1024
150.jpg,1024,1024,paintoff,486,1,529,1024
151.jpg,1024,1024,paintoff,517,1,556,1024
152.jpg,1024,1024,paintoff,522,1,563,1024
153.jpg,1024,1024,paintoff,507,1,543,1024
154.jpg,1024,1024,paintoff,485,1,520,1024
155.jpg,1024,1024,paintoff,530,1,568,1024
156.jpg,1024,1024,paintoff,547,1,577,1024
157.jpg,1024,1024,paintoff,527,1,566,1024
158.jpg,1024,1024,paintoff,559,1,598,1024
159.jpg,1024,1024,paintoff,587,1,610,1024
160.jpg,1024,1024,paintoff,572,1,602,1024
161.jpg,1024,1024,paintoff,549,1,582,1024
162.jpg,1024,1024,paintoff,519,1,562,1024
163.jpg,1024,1024,paintoff,574,1,595,1024
164.jpg,1024,1024,paintoff,514,1,555,1024
165.jpg,1024,1024,paintoff,536,872,548,1024
166.jpg,1024,1024,paintoff,542,913,556,1024
167.jpg,1024,1024,paintoff,553,876,571,1024
168.jpg,1024,1024,paintoff,535,886,553,1024
169.jpg,1024,1024,paintoff,619,1,638,1024
170.jpg,1024,1024,paintoff,559,1,578,1024
171.jpg,1024,1024,paintoff,529,1,557,1024
172.jpg,1024,1024,paintoff,546,1,567,1024
173.jpg,1024,1024,paintoff,571,1,590,1024
174.jpg,1024,1024,paintoff,541,1,573,1024
175.jpg,1024,1024,paintoff,543,1,567,1024
176.jpg,1024,1024,paintoff,535,1,552,1024
177.jpg,1024,1024,paintoff,531,1,556,1024
178.jpg,1024,1024,paintoff,523,1,551,1024
179.jpg,1024,1024,paintoff,528,1,555,1024
180.jpg,1024,1024,paintoff,512,1,543,1024
181.jpg,1024,1024,paintoff,517,1,552,1024
182.jpg,1024,1024,paintoff,489,1,519,1024
183.jpg,1024,1024,paintoff,492,1,534,1024
184.jpg,1024,1024,paintoff,512,1,540,1024
185.jpg,1024,1024,paintoff,503,1,532,1024
186.jpg,1024,1024,paintoff,500,1,528,1024
187.jpg,1024,1024,paintoff,507,1,537,1024
transformed1.jpg,1024,1024,paintoff,610,1,663,1024
transformed2.jpg,1024,1024,paintoff,419,0,474,1023
transformed3.jpg,1024,1024,paintoff,518,0,582,1023
transformed4.jpg,1024,1024,paintoff,487,1,557,1024
transformed5.jpg,1024,1024,paintoff,489,0,557,1023
transformed6.jpg,1024,1024,paintoff,524,0,588,1023
transformed7.jpg,1024,1024,paintoff,476,0,540,1023
transformed8.jpg,1024,1024,paintoff,491,0,568,1023
transformed9.jpg,1024,1024,paintoff,474,1,545,1024
transformed10.jpg,1024,1024,paintoff,478,0,563,1023
transformed11.jpg,1024,1024,paintoff,500,0,526,877
transformed12.jpg,1024,1024,paintoff,499,0,533,877
transformed13.jpg,1024,1024,paintoff,512,0,548,876
transformed14.jpg,1024,1024,paintoff,586,0,603,1023
transformed15.jpg,1024,1024,paintoff,451,1,471,1024
transformed16.jpg,1024,1024,paintoff,454,0,474,1023
transformed17.jpg,1024,1024,paintoff,466,1,483,1023
transformed18.jpg,1024,1024,paintoff,453,1,482,1023
transformed19.jpg,1024,1024,paintoff,577,1,600,1023
transformed20.jpg,1024,1024,paintoff,467,1,478,1024
transformed21.jpg,1024,1024,paintoff,476,0,546,1023
transformed22.jpg,1024,1024,paintoff,543,0,565,1023
transformed23.jpg,1024,1024,paintoff,455,1,479,1024
transformed24.jpg,1024,1024,paintoff,479,0,501,1023
transformed25.jpg,1024,1024,paintoff,486,0,517,1023
transformed26.jpg,1024,1024,paintoff,492,0,517,1023
transformed27.jpg,1024,1024,paintoff,500,0,526,1023
transformed28.jpg,1024,1024,paintoff,491,0,516,1023
transformed29.jpg,1024,1024,paintoff,512,0,538,1023
transformed30.jpg,1024,1024,paintoff,482,0,510,1023
transformed31.jpg,1024,1024,paintoff,487,0,522,1023
transformed32.jpg,1024,1024,paintoff,445,1,523,1024
transformed33.jpg,1024,1024,paintoff,493,0,534,1023
transformed34.jpg,1024,1024,paintoff,490,1,519,1024
transformed35.jpg,1024,1024,paintoff,463,0,493,1023
transformed36.jpg,1024,1024,paintoff,491,0,524,1023
transformed37.jpg,1024,1024,paintoff,473,0,505,1023
transformed38.jpg,1024,1024,paintoff,518,0,550,872
transformed39.jpg,1024,1024,paintoff,518,133,553,1024
transformed40.jpg,1024,1024,paintoff,515,0,555,848
transformed41.jpg,1024,1024,paintoff,529,146,562,1024
transformed42.jpg,1024,1024,paintoff,547,0,584,928
transformed43.jpg,1024,1024,paintoff,485,0,549,1023
transformed44.jpg,1024,1024,paintoff,469,0,499,871
transformed45.jpg,1024,1024,paintoff,441,0,468,868
transformed46.jpg,1024,1024,paintoff,538,172,569,1024
transformed47.jpg,1024,1024,paintoff,570,0,595,576
transformed48.jpg,1024,1024,paintoff,461,0,483,581
transformed49.jpg,1024,1024,paintoff,551,0,571,570
transformed50.jpg,1024,1024,paintoff,548,0,572,538
transformed51.jpg,1024,1024,paintoff,467,0,492,604
transformed52.jpg,1024,1024,paintoff,496,0,526,623
transformed53.jpg,1024,1024,paintoff,515,0,543,601
transformed54.jpg,1024,1024,paintoff,458,0,529,1023
transformed55.jpg,1024,1024,paintoff,512,331,542,1024
transformed56.jpg,1024,1024,paintoff,513,0,531,746
transformed57.jpg,1024,1024,paintoff,492,0,522,790
transformed58.jpg,1024,1024,paintoff,496,0,515,802
transformed59.jpg,1024,1024,paintoff,508,0,533,806
transformed60.jpg,1024,1024,paintoff,514,279,533,1024
transformed61.jpg,1024,1024,paintoff,481,0,505,880
transformed62.jpg,1024,1024,paintoff,506,0,526,877
transformed63.jpg,1024,1024,paintoff,500,0,522,873
transformed64.jpg,1024,1024,paintoff,517,52,542,976
transformed65.jpg,1024,1024,paintoff,481,1,545,1024
transformed66.jpg,1024,1024,paintoff,519,0,537,870
transformed67.jpg,1024,1024,paintoff,485,225,501,1024
transformed68.jpg,1024,1024,paintoff,476,226,494,1024
transformed69.jpg,1024,1024,paintoff,566,0,590,791
transformed70.jpg,1024,1024,paintoff,554,0,572,873
transformed71.jpg,1024,1024,paintoff,444,227,456,1024
transformed72.jpg,1024,1024,paintoff,530,0,546,837
transformed73.jpg,1024,1024,paintoff,547,19,562,783
transformed74.jpg,1024,1024,paintoff,439,38,467,796
transformed75.jpg,1024,1024,paintoff,595,0,612,737
transformed76.jpg,1024,1024,paintoff,479,0,535,1023
transformed77.jpg,1024,1024,paintoff,497,95,536,1024
transformed78.jpg,1024,1024,paintoff,488,0,530,904
transformed79.jpg,1024,1024,paintoff,480,0,511,968
transformed80.jpg,1024,1024,paintoff,521,74,551,1024
transformed81.jpg,1024,1024,paintoff,479,0,508,1023
transformed82.jpg,1024,1024,paintoff,476,1,521,1024
transformed83.jpg,1024,1024,paintoff,406,0,423,557
transformed84.jpg,1024,1024,paintoff,535,0,556,549
transformed85.jpg,1024,1024,paintoff,621,0,639,549
transformed86.jpg,1024,1024,paintoff,591,0,611,539
transformed87.jpg,1024,1024,paintoff,476,1,536,1024
transformed88.jpg,1024,1024,paintoff,610,0,627,574
transformed89.jpg,1024,1024,paintoff,395,0,423,571
transformed90.jpg,1024,1024,paintoff,425,0,452,548
transformed91.jpg,1024,1024,paintoff,574,437,604,1024
transformed92.jpg,1024,1024,paintoff,516,460,543,1024
transformed93.jpg,1024,1024,paintoff,527,453,554,1024
transformed94.jpg,1024,1024,paintoff,558,316,584,1024
transformed95.jpg,1024,1024,paintoff,498,0,522,666
transformed96.jpg,1024,1024,paintoff,488,291,513,1024
transformed97.jpg,1024,1024,paintoff,481,270,502,1024
transformed98.jpg,1024,1024,paintoff,498,1,559,1024
transformed99.jpg,1024,1024,paintoff,499,0,518,839
transformed100.jpg,1024,1024,paintoff,534,0,557,858
transformed101.jpg,1024,1024,paintoff,507,266,525,1024
transformed102.jpg,1024,1024,paintoff,455,0,469,745
transformed103.jpg,1024,1024,paintoff,499,0,512,754
transformed104.jpg,1024,1024,paintoff,501,0,516,754
transformed105.jpg,1024,1024,paintoff,535,0,550,731
transformed106.jpg,1024,1024,paintoff,459,312,468,1024
transformed107.jpg,1024,1024,paintoff,470,272,485,1024
transformed108.jpg,1024,1024,paintoff,471,238,495,1024
transformed109.jpg,1024,1024,paintoff,466,0,519,1023
transformed110.jpg,1024,1024,paintoff,461,281,475,1024
transformed111.jpg,1024,1024,paintoff,464,292,476,1024
transformed112.jpg,1024,1024,paintoff,455,299,466,1024
transformed113.jpg,1024,1024,paintoff,422,0,434,118
transformed114.jpg,1024,1024,paintoff,502,1,538,1023
transformed115.jpg,1024,1024,paintoff,487,0,527,1023
transformed116.jpg,1024,1024,paintoff,558,0,569,110
transformed117.jpg,1024,1024,paintoff,468,898,479,1024
transformed118.jpg,1024,1024,paintoff,558,0,567,79
transformed119.jpg,1024,1024,paintoff,478,0,538,1023
transformed120.jpg,1024,1024,paintoff,489,0,559,1023
transformed121.jpg,1024,1024,paintoff,479,1,529,1024
transformed122.jpg,1024,1024,paintoff,517,0,570,1023
transformed123.jpg,1024,1024,paintoff,448,0,490,1023
transformed124.jpg,1024,1024,paintoff,438,1,481,1024
transformed125.jpg,1024,1024,paintoff,506,0,553,1023
transformed126.jpg,1024,1024,paintoff,553,0,603,1023
transformed127.jpg,1024,1024,paintoff,425,0,465,1023
transformed128.jpg,1024,1024,paintoff,450,299,490,1024
transformed129.jpg,1024,1024,paintoff,469,345,509,1024
transformed130.jpg,1024,1024,paintoff,476,0,513,399
transformed131.jpg,1024,1024,paintoff,522,0,557,356
transformed132.jpg,1024,1024,paintoff,479,0,529,510
transformed133.jpg,1024,1024,paintoff,438,0,475,730
transformed134.jpg,1024,1024,paintoff,489,90,537,1024
transformed135.jpg,1024,1024,paintoff,514,73,561,1024
transformed136.jpg,1024,1024,paintoff,407,0,459,877
transformed137.jpg,1024,1024,paintoff,529,0,582,883
transformed138.jpg,1024,1024,paintoff,525,0,582,937
transformed139.jpg,1024,1024,paintoff,515,1,579,1024
transformed140.jpg,1024,1024,paintoff,508,0,565,1023
transformed141.jpg,1024,1024,paintoff,457,0,514,1023
transformed142.jpg,1024,1024,paintoff,506,0,565,1023
transformed143.jpg,1024,1024,paintoff,466,0,523,1023
transformed144.jpg,1024,1024,paintoff,502,1,568,1024
transformed145.jpg,1024,1024,paintoff,450,0,519,1023
transformed146.jpg,1024,1024,paintoff,470,0,526,1023
transformed147.jpg,1024,1024,paintoff,464,0,528,1023
transformed148.jpg,1024,1024,paintoff,488,1,542,1024
transformed149.jpg,1024,1024,paintoff,474,0,530,1023
transformed150.jpg,1024,1024,paintoff,495,1,538,1024
transformed151.jpg,1024,1024,paintoff,468,1,507,1024
transformed152.jpg,1024,1024,paintoff,461,1,502,1024
transformed153.jpg,1024,1024,paintoff,481,0,517,1023
transformed154.jpg,1024,1024,paintoff,504,1,539,1024
transformed155.jpg,1024,1024,paintoff,456,1,494,1024
transformed156.jpg,1024,1024,paintoff,447,0,477,1023
transformed157.jpg,1024,1024,paintoff,527,0,566,1023
transformed158.jpg,1024,1024,paintoff,426,1,465,1024
transformed159.jpg,1024,1024,paintoff,587,0,610,1023
transformed160.jpg,1024,1024,paintoff,422,0,452,1023
transformed161.jpg,1024,1024,paintoff,442,1,475,1024
transformed162.jpg,1024,1024,paintoff,519,0,562,1023
transformed163.jpg,1024,1024,paintoff,574,0,595,1023
transformed164.jpg,1024,1024,paintoff,469,0,510,1023
transformed165.jpg,1024,1024,paintoff,476,0,488,152
transformed166.jpg,1024,1024,paintoff,542,0,556,111
transformed167.jpg,1024,1024,paintoff,553,0,571,148
transformed168.jpg,1024,1024,paintoff,535,0,553,138
transformed169.jpg,1024,1024,paintoff,386,1,405,1024
transformed170.jpg,1024,1024,paintoff,559,0,578,1023
transformed171.jpg,1024,1024,paintoff,467,0,495,1023
transformed172.jpg,1024,1024,paintoff,457,0,478,1023
transformed173.jpg,1024,1024,paintoff,571,0,590,1023
transformed174.jpg,1024,1024,paintoff,541,0,573,1023
transformed175.jpg,1024,1024,paintoff,457,0,481,1023
transformed176.jpg,1024,1024,paintoff,472,1,489,1024
transformed177.jpg,1024,1024,paintoff,468,1,493,1024
transformed178.jpg,1024,1024,paintoff,473,1,501,1024
transformed179.jpg,1024,1024,paintoff,469,0,496,1023
transformed180.jpg,1024,1024,paintoff,481,0,512,1023
transformed181.jpg,1024,1024,paintoff,472,1,507,1024
transformed182.jpg,1024,1024,paintoff,505,1,535,1024
transformed183.jpg,1024,1024,paintoff,490,0,532,1023
transformed184.jpg,1024,1024,paintoff,512,0,540,1023
transformed185.jpg,1024,1024,paintoff,503,0,532,1023
transformed186.jpg,1024,1024,paintoff,496,0,524,1023
transformed187.jpg,1024,1024,paintoff,507,0,537,1023