1.jpg,1024,1024,scratch,635,111,671,577
2.jpg,1024,1024,scratch,590,91,630,560
3.jpg,1024,1024,scratch,596,127,642,596
4.jpg,1024,1024,scratch,571,115,626,584
5.jpg,1024,1024,scratch,567,77,638,550
6.jpg,1024,1024,scratch,553,62,641,532
7.jpg,1024,1024,scratch,510,95,606,570
8.jpg,1024,1024,scratch,488,101,596,571
9.jpg,1024,1024,scratch,479,108,587,571
10.jpg,1024,1024,scratch,456,94,575,568
11.jpg,1024,1024,scratch,423,22,552,513
12.jpg,1024,1024,scratch,415,59,541,560
13.jpg,1024,1024,scratch,440,77,566,584
14.jpg,1024,1024,scratch,425,54,548,539
15.jpg,1024,1024,scratch,439,127,548,592
16.jpg,1024,1024,scratch,419,114,520,561
17.jpg,1024,1024,scratch,386,31,493,499
18.jpg,1024,1024,scratch,418,44,534,505
19.jpg,1024,1024,scratch,403,73,527,553
20.jpg,1024,1024,scratch,400,64,535,578
21.jpg,1024,1024,scratch,433,65,573,586
22.jpg,1024,1024,scratch,447,112,581,623
23.jpg,1024,1024,scratch,459,70,592,584
24.jpg,1024,1024,scratch,495,111,601,611
25.jpg,1024,1024,scratch,520,68,607,564
26.jpg,1024,1024,scratch,535,56,611,545
27.jpg,1024,1024,scratch,551,81,598,565
28.jpg,1024,1024,scratch,581,54,619,520
29.jpg,1024,1024,scratch,608,43,642,519
30.jpg,1024,1024,scratch,633,35,658,519
31.jpg,1024,1024,scratch,590,56,613,536
32.jpg,1024,1024,scratch,606,119,626,526
33.jpg,1024,1024,scratch,560,67,586,517
34.jpg,1024,1024,scratch,573,55,611,526
35.jpg,1024,1024,scratch,566,73,616,548
36.jpg,1024,1024,scratch,565,63,626,546
37.jpg,1024,1024,scratch,534,55,612,542
38.jpg,1024,1024,scratch,501,59,600,552
39.jpg,1024,1024,scratch,498,42,608,550
40.jpg,1024,1024,scratch,471,52,592,551
41.jpg,1024,1024,scratch,435,57,568,559
42.jpg,1024,1024,scratch,413,62,552,555
43.jpg,1024,1024,scratch,391,44,518,533
44.jpg,1024,1024,scratch,397,55,515,519
45.jpg,1024,1024,scratch,406,50,517,507
46.jpg,1024,1024,scratch,409,55,511,512
47.jpg,1024,1024,scratch,280,18,913,868
48.jpg,1024,1024,scratch,374,1,786,803
49.jpg,1024,1024,scratch,227,368,907,525
50.jpg,1024,1024,scratch,320,270,1023,807
51.jpg,1024,1024,scratch,425,390,793,1024
52.jpg,1024,1024,scratch,397,410,801,733
53.jpg,1024,1024,scratch,212,433,1023,722
54.jpg,1024,1024,scratch,160,527,848,705
55.jpg,1024,1024,scratch,258,134,913,722
56.jpg,1024,1024,scratch,366,168,735,850
57.jpg,1024,1024,scratch,312,323,861,657
58.jpg,1024,1024,scratch,142,310,1024,607
59.jpg,1024,1024,scratch,191,455,1024,574
60.jpg,1024,1024,scratch,280,418,1024,470
61.jpg,1024,1024,scratch,385,458,761,564
62.jpg,1024,1024,scratch,313,1,502,654
63.jpg,1024,1024,scratch,312,1,512,610
64.jpg,1024,1024,scratch,250,1,459,626
65.jpg,1024,1024,scratch,255,1,465,639
66.jpg,1024,1024,scratch,247,1,448,630
67.jpg,1024,1024,scratch,240,1,429,600
68.jpg,1024,1024,scratch,262,1,432,551
69.jpg,1024,1024,scratch,290,1,438,495
70.jpg,1024,1024,scratch,302,1,426,555
71.jpg,1024,1024,scratch,355,1,452,543
72.jpg,1024,1024,scratch,354,1,428,594
73.jpg,1024,1024,scratch,403,1,453,231
74.jpg,1024,1024,scratch,490,157,689,855
75.jpg,1024,1024,scratch,486,128,712,888
76.jpg,1024,1024,scratch,457,146,685,907
77.jpg,1024,1024,scratch,461,116,685,877
78.jpg,1024,1024,scratch,383,1,433,247
79.jpg,1024,1024,scratch,350,1,427,381
80.jpg,1024,1024,scratch,337,1,434,620
81.jpg,1024,1024,scratch,281,1,407,627
82.jpg,1024,1024,scratch,259,1,405,631
83.jpg,1024,1024,scratch,265,1,439,646
84.jpg,1024,1024,scratch,227,1,423,673
85.jpg,1024,1024,scratch,229,1,437,693
86.jpg,1024,1024,scratch,193,1,410,691
87.jpg,1024,1024,scratch,265,1,475,691
88.jpg,1024,1024,scratch,283,1,483,608
89.jpg,1024,1024,scratch,303,1,493,667
90.jpg,1024,1024,scratch,300,1,494,684
91.jpg,1024,1024,scratch,275,1,480,693
92.jpg,1024,1024,scratch,219,1,435,736
93.jpg,1024,1024,scratch,231,1,452,715
94.jpg,1024,1024,scratch,202,1,416,694
95.jpg,1024,1024,scratch,225,1,430,676
96.jpg,1024,1024,scratch,212,1,392,617
97.jpg,1024,1024,scratch,252,1,407,605
98.jpg,1024,1024,scratch,283,1,415,611
99.jpg,1024,1024,scratch,274,1,385,568
100.jpg,1024,1024,scratch,346,1,433,332
101.jpg,1024,1024,scratch,315,1,373,388
102.jpg,1024,1024,scratch,457,105,673,871
103.jpg,1024,1024,scratch,458,164,653,925
104.jpg,1024,1024,scratch,505,137,669,892
105.jpg,1024,1024,scratch,501,102,627,857
106.jpg,1024,1024,scratch,598,5,638,698
107.jpg,1024,1024,scratch,493,222,545,902
108.jpg,1024,1024,scratch,510,167,578,851
109.jpg,1024,1024,scratch,503,139,600,827
110.jpg,1024,1024,scratch,501,94,626,787
111.jpg,1024,1024,scratch,498,70,657,765
112.jpg,1024,1024,scratch,487,138,673,846
113.jpg,1024,1024,scratch,494,170,699,891
114.jpg,1024,1024,scratch,481,163,699,885
115.jpg,1024,1024,scratch,496,182,709,916
116.jpg,1024,1024,scratch,498,193,711,930
117.jpg,1024,1024,scratch,513,133,720,863
118.jpg,1024,1024,scratch,520,135,735,874
119.jpg,1024,1024,scratch,482,150,709,920
120.jpg,1024,1024,scratch,481,148,710,917
121.jpg,1024,1024,scratch,481,147,703,915
122.jpg,1024,1024,scratch,494,125,705,894
123.jpg,1024,1024,scratch,487,167,678,922
124.jpg,1024,1024,scratch,512,175,671,922
125.jpg,1024,1024,scratch,475,137,599,876
126.jpg,1024,1024,scratch,500,133,593,865
127.jpg,1024,1024,scratch,526,138,590,866
128.jpg,1024,1024,scratch,520,208,569,935
129.jpg,1024,1024,scratch,521,182,558,899
130.jpg,1024,1024,scratch,527,238,556,946
131.jpg,1024,1024,scratch,515,139,613,888
132.jpg,1024,1024,scratch,503,177,568,920
133.jpg,1024,1024,scratch,543,127,569,847
134.jpg,1024,1024,scratch,547,100,580,830
135.jpg,1024,1024,scratch,486,99,533,834
transformed1.jpg,1024,1024,scratch,353,111,389,577
transformed2.jpg,1024,1024,scratch,590,464,630,933
transformed3.jpg,1024,1024,scratch,382,127,428,596
transformed4.jpg,1024,1024,scratch,398,440,453,909
transformed5.jpg,1024,1024,scratch,386,474,457,947
transformed6.jpg,1024,1024,scratch,383,62,471,532
transformed7.jpg,1024,1024,scratch,418,454,514,929
transformed8.jpg,1024,1024,scratch,428,453,536,923
transformed9.jpg,1024,1024,scratch,437,108,545,571
transformed10.jpg,1024,1024,scratch,449,456,568,930
transformed11.jpg,1024,1024,scratch,472,511,601,1002
transformed12.jpg,1024,1024,scratch,483,464,609,965
transformed13.jpg,1024,1024,scratch,458,77,584,584
transformed14.jpg,1024,1024,scratch,476,54,599,539
transformed15.jpg,1024,1024,scratch,476,127,585,592
transformed16.jpg,1024,1024,scratch,419,463,520,910
transformed17.jpg,1024,1024,scratch,531,525,638,993
transformed18.jpg,1024,1024,scratch,418,519,534,980
transformed19.jpg,1024,1024,scratch,497,73,621,553
transformed20.jpg,1024,1024,scratch,489,446,624,960
transformed21.jpg,1024,1024,scratch,451,65,591,586
transformed22.jpg,1024,1024,scratch,443,401,577,912
transformed23.jpg,1024,1024,scratch,459,440,592,954
transformed24.jpg,1024,1024,scratch,423,413,529,913
transformed25.jpg,1024,1024,scratch,417,68,504,564
transformed26.jpg,1024,1024,scratch,413,56,489,545
transformed27.jpg,1024,1024,scratch,426,81,473,565
transformed28.jpg,1024,1024,scratch,405,54,443,520
transformed29.jpg,1024,1024,scratch,608,505,642,981
transformed30.jpg,1024,1024,scratch,633,505,658,989
transformed31.jpg,1024,1024,scratch,590,488,613,968
transformed32.jpg,1024,1024,scratch,606,498,626,905
transformed33.jpg,1024,1024,scratch,438,507,464,957
transformed34.jpg,1024,1024,scratch,413,55,451,526
transformed35.jpg,1024,1024,scratch,408,476,458,951
transformed36.jpg,1024,1024,scratch,565,478,626,961
transformed37.jpg,1024,1024,scratch,412,55,490,542
transformed38.jpg,1024,1024,scratch,501,472,600,965
transformed39.jpg,1024,1024,scratch,416,42,526,550
transformed40.jpg,1024,1024,scratch,471,473,592,972
transformed41.jpg,1024,1024,scratch,435,465,568,967
transformed42.jpg,1024,1024,scratch,472,469,611,962
transformed43.jpg,1024,1024,scratch,391,491,518,980
transformed44.jpg,1024,1024,scratch,397,505,515,969
transformed45.jpg,1024,1024,scratch,507,50,618,507
transformed46.jpg,1024,1024,scratch,409,512,511,969
transformed47.jpg,1024,1024,scratch,280,156,913,1006
transformed48.jpg,1024,1024,scratch,238,1,650,803
transformed49.jpg,1024,1024,scratch,117,368,797,525
transformed50.jpg,1024,1024,scratch,320,217,1023,754
transformed51.jpg,1024,1024,scratch,231,0,599,634
transformed52.jpg,1024,1024,scratch,397,291,801,614
transformed53.jpg,1024,1024,scratch,212,302,1023,591
transformed54.jpg,1024,1024,scratch,160,319,848,497
transformed55.jpg,1024,1024,scratch,111,302,766,890
transformed56.jpg,1024,1024,scratch,289,174,658,856
transformed57.jpg,1024,1024,scratch,163,323,712,657
transformed58.jpg,1024,1024,scratch,142,417,1024,714
transformed59.jpg,1024,1024,scratch,191,450,1024,569
transformed60.jpg,1024,1024,scratch,0,554,744,606
transformed61.jpg,1024,1024,scratch,385,460,761,566
transformed62.jpg,1024,1024,scratch,522,1,711,654
transformed63.jpg,1024,1024,scratch,512,414,712,1023
transformed64.jpg,1024,1024,scratch,565,1,774,626
transformed65.jpg,1024,1024,scratch,559,1,769,639
transformed66.jpg,1024,1024,scratch,247,394,448,1023
transformed67.jpg,1024,1024,scratch,595,424,784,1023
transformed68.jpg,1024,1024,scratch,592,1,762,551
transformed69.jpg,1024,1024,scratch,586,1,734,495
transformed70.jpg,1024,1024,scratch,598,1,722,555
transformed71.jpg,1024,1024,scratch,572,1,669,543
transformed72.jpg,1024,1024,scratch,596,430,670,1023
transformed73.jpg,1024,1024,scratch,403,793,453,1023
transformed74.jpg,1024,1024,scratch,335,157,534,855
transformed75.jpg,1024,1024,scratch,312,128,538,888
transformed76.jpg,1024,1024,scratch,339,146,567,907
transformed77.jpg,1024,1024,scratch,461,147,685,908
transformed78.jpg,1024,1024,scratch,383,777,433,1023
transformed79.jpg,1024,1024,scratch,597,643,674,1023
transformed80.jpg,1024,1024,scratch,590,404,687,1023
transformed81.jpg,1024,1024,scratch,281,397,407,1023
transformed82.jpg,1024,1024,scratch,259,393,405,1023
transformed83.jpg,1024,1024,scratch,265,378,439,1023
transformed84.jpg,1024,1024,scratch,601,1,797,673
transformed85.jpg,1024,1024,scratch,587,1,795,693
transformed86.jpg,1024,1024,scratch,193,333,410,1023
transformed87.jpg,1024,1024,scratch,549,333,759,1023
transformed88.jpg,1024,1024,scratch,541,1,741,608
transformed89.jpg,1024,1024,scratch,531,357,721,1023
transformed90.jpg,1024,1024,scratch,300,340,494,1023
transformed91.jpg,1024,1024,scratch,544,331,749,1023
transformed92.jpg,1024,1024,scratch,589,288,805,1023
transformed93.jpg,1024,1024,scratch,572,309,793,1023
transformed94.jpg,1024,1024,scratch,608,1,822,694
transformed95.jpg,1024,1024,scratch,594,1,799,676
transformed96.jpg,1024,1024,scratch,632,1,812,617
transformed97.jpg,1024,1024,scratch,252,419,407,1023
transformed98.jpg,1024,1024,scratch,609,413,741,1023
transformed99.jpg,1024,1024,scratch,639,1,750,568
transformed100.jpg,1024,1024,scratch,591,1,678,332
transformed101.jpg,1024,1024,scratch,651,636,709,1023
transformed102.jpg,1024,1024,scratch,457,153,673,919
transformed103.jpg,1024,1024,scratch,371,164,566,925
transformed104.jpg,1024,1024,scratch,355,137,519,892
transformed105.jpg,1024,1024,scratch,397,167,523,922
transformed106.jpg,1024,1024,scratch,386,5,426,698
transformed107.jpg,1024,1024,scratch,479,222,531,902
transformed108.jpg,1024,1024,scratch,510,173,578,857
transformed109.jpg,1024,1024,scratch,503,197,600,885
transformed110.jpg,1024,1024,scratch,398,94,523,787
transformed111.jpg,1024,1024,scratch,367,259,526,954
transformed112.jpg,1024,1024,scratch,351,178,537,886
transformed113.jpg,1024,1024,scratch,325,170,530,891
transformed114.jpg,1024,1024,scratch,325,139,543,861
transformed115.jpg,1024,1024,scratch,315,182,528,916
transformed116.jpg,1024,1024,scratch,498,94,711,831
transformed117.jpg,1024,1024,scratch,304,133,511,863
transformed118.jpg,1024,1024,scratch,289,150,504,889
transformed119.jpg,1024,1024,scratch,315,104,542,874
transformed120.jpg,1024,1024,scratch,314,148,543,917
transformed121.jpg,1024,1024,scratch,321,109,543,877
transformed122.jpg,1024,1024,scratch,319,130,530,899
transformed123.jpg,1024,1024,scratch,346,102,537,857
transformed124.jpg,1024,1024,scratch,512,102,671,849
transformed125.jpg,1024,1024,scratch,425,137,549,876
transformed126.jpg,1024,1024,scratch,500,159,593,891
transformed127.jpg,1024,1024,scratch,526,158,590,886
transformed128.jpg,1024,1024,scratch,455,89,504,816
transformed129.jpg,1024,1024,scratch,521,125,558,842
transformed130.jpg,1024,1024,scratch,468,78,497,786
transformed131.jpg,1024,1024,scratch,411,136,509,885
transformed132.jpg,1024,1024,scratch,503,104,568,847
transformed133.jpg,1024,1024,scratch,455,177,481,897
transformed134.jpg,1024,1024,scratch,444,100,477,830
transformed135.jpg,1024,1024,scratch,491,99,538,834